id,email,gender,ip_address,age
1,lgalbraith0@google.nl,Male,158.235.22.10,34
2,rabberley1@github.io,Agender,241.250.188.218,31
3,cpitkethly2@altervista.org,Non-binary,182.251.68.62,27
4,rransom3@chron.com,Female,186.210.155.214,45
5,egreenman4@army.mil,Polygender,228.92.38.10,65
6,dcope5@mozilla.com,Polygender,102.240.242.178,59
7,abernardoux6@clickbank.net,Female,36.90.99.40,68
8,jbrunger7@cocolog-nifty.com,Female,215.154.103.247,77
9,scastle8@state.gov,Bigender,3.84.89.9,53
10,jmeers9@ihg.com,Agender,219.173.51.167,35